"country";"code";"region";"pop";"PPP";"GDP";"PPPpc";"GDPpc";"HDI";"KOFec";"KOFsoc";"KOFpol";"trade";"FDIins";"FDIouts";"FDIinf";"FDIoutf";"trust";"tYear";"tSource";"ethFrac";"langFracE";"langFracD";"reliFrac";"reli";"gini";"voice";"demo";"stab";"govEff";"regQual";"ROLwb";"ROLwjp";"CORwb";"fragil";"GINI"
"1";"Afghanistan";"AFG";"Southern Asia";30552;NA;20496.78;NA;NA;0.374;NA;17.42402;48.09266;31.95624302;1568.855;NA;93.8;NA;NA;NA;NA;0.77;0.79;0.325;0.2717;97;NA;-1.32;2.48;-2.42;-1.4;-1.21;-1.72;0.34;-1.41;4.22;"28"
"2";"Albania";"ALB";"Southern Europe";3173;28211.43;12648.1;9962.57;4466.89;0.749;61.91;42.11308;71.10335;54.15011033;4885.362445;206.1005873;957.0419404;22.75489725;51.2;2002;"World Values Survey Wave 1-4 (1981-2004)";0.2204;0.563;0.028;0.4719;39;NA;0.01;5.67;-0.16;-0.28;0.17;-0.57;0.49;-0.72;2.19;"35"
"3";"Algeria";"DZA";"Northern Africa";39208;474759.23;205788.8;13195.02;5518.01;0.713;39.71946;34.94602;83.65616;58.69221373;23264.07;2133.246;1484;-41;38.6;2014;"World Values Survey Wave 6 (2010-2014)";0.3394;0.354;0.046;0.0091;95;NA;-0.91;3.83;-1.34;-0.55;-1.29;-0.79;NA;-0.54;2.61;"35"
"4";"Angola";"AGO";"Middle Africa";21472;142979.31;114147.03;7288.01;5311.25;0.508;62.12038;21.67971;48.51076;84.9781197;1937.1;9877;-6897.8;2740.75;NA;NA;NA;0.7867;0.778;0.038;0.6276;NA;42.7;-1.08;3.35;-0.38;-1.02;-0.98;-1.28;NA;-1.29;2.44;"43"
"5";"Argentina";"ARG";"South America";41446;NA;475501.68;NA;NA;0.811;39.53117;52.60931;93.06;31.48653469;110704.3037;32913.64875;12551.11934;1089;40.4;2010;"World Values Survey Wave 6 (2010-2014)";0.255;0.168;0.127;0.2236;66;44.5;0.25;6.84;0.07;-0.25;-0.96;-0.71;0.5;-0.49;2.26;"44"
"6";"Armenia";"ARM";"Western Asia";2977;20192.63;9950.52;6696.06;3363.22;0.729;64.26611;45.08051;50.56482;57.23216913;5062.674999;169.1566861;489.0766758;15.80275908;21.2;2011;"World Values Survey Wave 6 (2010-2014)";0.1272;0.125;0.096;0.4576;73;31.3;-0.57;4.09;0.11;-0.04;0.33;-0.4;NA;-0.53;2.23;"31"
"7";"Australia";"AUS";"Oceania";23343;955980.51;1532407.88;42000.44;65463.91;0.938;77.66236;82.24489;91.25617;33.78813037;610516.7541;424450.3036;56958.93875;16141.00627;103.6;2012;"World Values Survey Wave 6 (2010-2014)";0.0929;0.211;0.039;0.8211;NA;NA;1.5;9.22;1;1.61;1.77;1.75;0.8;2;1.46;"35"
"8";"Austria";"AUT";"Western Europe";8495;360521.87;394454.29;42978.11;49589.83;0.895;85.10482;91.47441;96.53812;87.25288057;158109.3946;215364.2462;6315.094296;16647.95052;70.2;1999;"World Values Survey Wave 1-4 (1981-2004)";0.11;0.122;0.042;0.4146;NA;NA;1.46;8.62;1.33;1.56;1.51;1.84;0.82;1.35;1.28;"29"
"9";"Azerbaijan";"AZE";"Western Asia";9413;144513.93;66604.59;15962.92;7284.97;0.734;60.50172;50.7227;59.54828;63.50913709;11117.6;7517.2;2004.6;1194.2;32.8;2011;"World Values Survey Wave 6 (2010-2014)";0.2047;0.457;0.349;0.4899;50;NA;-1.26;3.15;-0.69;-0.78;-0.47;-0.81;NA;-1.07;2.36;"34"
"10";"Bangladesh";"BGD";"Southern Asia";156595;419214.9;116355.06;2800.37;874.09;0.515;33.84282;24.41683;77.45797;50.91742581;7155.85;159;990.04;52.78;47.7;2002;"World Values Survey Wave 1-4 (1981-2004)";0.0454;0.386;0.034;0.209;99;32.1;-0.42;5.86;-1.35;-0.83;-0.96;-0.91;0.39;-0.87;2.62;"32"
"11";"Belarus";"BLR";"Eastern Europe";9357;157283.93;63267.02;16603.09;5595.66;0.793;53.93696;61.1535;66.19312;146.0405496;14425.9;402.6;1441.8;98.5;72.7;2011;"World Values Survey Wave 6 (2010-2014)";0.3222;0.447;0.037;0.6116;34;26.5;-1.54;3.04;0.02;-0.94;-1.1;-0.92;0.51;-0.52;2.67;"26"
"12";"Belgium";"BEL";"Western Europe";11104;440137.89;482951.3;40092.72;46758.93;0.897;89.42671;90.1735;96.74565;182.3336861;1010966.857;1037782.352;-1613.78605;14667.97894;63;1999;"World Values Survey Wave 1-4 (1981-2004)";0.5554;0.697;0.11;0.2127;NA;NA;1.35;8.05;0.9;1.59;1.22;1.4;0.76;1.55;1.38;"33"
"13";"Benin";"BEN";"Western Africa";10323;16071.1;7557.29;1766.07;801.07;0.436;35.48564;25.66675;74.06462;47.63614352;912.2673734;12.72436633;158.5892306;-63.33830701;56.2;2005;"Globalbarometer - Round 1";0.7872;0.929;0.075;0.5544;NA;NA;0.07;6;0.31;-0.53;-0.39;-0.64;NA;-0.92;2.64;"39"
"14";"Bolivia (Plurinational State of)";"BOL";"South America";10671;56389.56;27035.11;5557.02;2360.07;0.675;53.89046;35.48188;77.81516;70.27898133;8808.882656;7.700556;1059.965391;NA;48.8;2008;"Latinobar metro 1995-2008";0.7396;0.551;0.65;0.2085;89;38.7;-0.13;5.84;-0.5;-0.37;-0.83;-1.04;0.39;-0.7;2.56;"56"
"15";"Bosnia and Herzegovina";"BIH";"Southern Europe";3829;36971.9;17465.96;9628.76;4956.64;0.735;64.47888;62.32713;77.80708;86.94264279;7771.422641;285.673304;632.9403528;36.4995917;32.4;2001;"World Values Survey Wave 1-4 (1981-2004)";0.63;0.601;0.053;0.6851;70;NA;-0.14;5.11;-0.54;-0.47;-0.06;-0.23;0.55;-0.3;2.04;"36"
"16";"Botswana";"BWA";"Southern Africa";2021;27229.31;14504.34;13408.58;7380.59;0.634;51.36639;40.42293;40.90218;96.49893475;1317.818921;585.1079995;292.5220151;-10.12312209;12.3;2005;"Globalbarometer - Round 1";0.4102;0.511;0.076;0.5986;NA;NA;0.5;7.85;1.11;0.44;0.69;0.66;0.67;0.94;1.89;"61"
"17";"Brazil";"BRA";"South America";200362;2816317.15;2252664.12;14639.42;12873.8;0.73;51.58991;43.61073;94.72374;21.12387708;702208.2156;232847.9784;65271.85165;-2821.402295;17.5;2008;"Latinobar metro 1995-2008";0.5408;0.054;0.011;0.6054;87;54.7;0.43;7.12;0.07;-0.12;0.09;-0.11;0.54;-0.07;2.6;"55"
"18";"Bulgaria";"BGR";"Eastern Europe";7223;114060.61;50972.11;15522.04;7283.66;0.782;75.53927;58.48273;84.3746;116.5875601;49870.62726;1867.347477;1899.389273;227.0350279;50.9;2006;"World Values Survey Wave 5 (2005-2008)";0.4021;0.217;0.178;0.5965;NA;NA;0.38;6.72;0.33;0.14;0.54;-0.12;0.53;-0.24;1.79;"28"
"19";"Burkina Faso";"BFA";"Western Africa";16935;22786.14;10726.3;1342.9;608.06;0.343;35.23076;27.04781;75.81139;51.27581289;430.723172;8.545737244;40.09116925;0.524211972;33.6;2007;"World Values Survey Wave 5 (2005-2008)";0.7377;0.762;0.091;0.5798;NA;39.8;-0.35;3.52;-0.62;-0.63;-0.12;-0.43;0.51;-0.52;2.64;"40"
"20";"Burundi";"BDI";"Eastern Africa";10163;6106.47;2472.38;712.11;240.43;0.355;23.13215;21.47408;60.15855;36.80656734;8.997058838;1.274329783;0.604917817;NA;NA;NA;NA;0.2951;0.002;0.001;0.5158;98;NA;-0.93;3.6;-1.68;-1.33;-0.96;-1.09;NA;-1.46;3.13;"33"
"21";"Cambodia";"KHM";"South-Eastern Asia";15135;38652.01;14038.38;2716.98;901.83;0.543;63.07474;26.91804;61.69083;136.7678841;8413.1;422.715;1557.135;30.563;15.6;2008;"East-Asian barometer 2005-2008";0.2105;0.116;0.094;0.0965;96;36;-0.98;4.96;-0.58;-0.9;-0.93;-1.02;0.4;-1.24;2.54;"36"
"22";"Cameroon";"CMR";"Middle Africa";22254;55215.7;25321.59;2756.6;1327.35;0.495;41.14719;26.3371;72.10236;45.81070863;5238.489;1014.997;507.029;192.5312089;NA;NA;NA;0.8635;0.972;0.248;0.7338;NA;NA;-1.03;3.44;1.09;1.75;1.69;1.75;0.39;1.92;2.78;"39"
"23";"Canada";"CAN";"Northern America";35182;1416166.84;1779634.71;41068.81;51571.9;0.911;76.10832;88.90919;94.1245;52.24330682;636972.4678;715053.2556;45374.84437;53938.7983;85.9;2006;"World Values Survey Wave 5 (2005-2008)";0.7124;0.601;0.129;0.6958;42;NA;1.45;9.08;0.78;0.1;0.04;0.48;0.78;0.81;1.32;"33"
"24";"Central African Republic";"CAF";"Middle Africa";4616;4024.53;2184.18;896.96;486.36;0.352;34.69826;18.25607;62.17479;24.26538392;618.6764;43.16908224;71.1764;NA;NA;NA;NA;0.8295;0.959;0.385;0.7916;NA;NA;-1.26;1.99;-1.87;-1.46;-1.09;-1.45;NA;-0.89;3.53;"56"
"25";"Chad";"TCD";"Middle Africa";12825;22860.89;12887.07;1983.51;1052.75;0.34;38.93967;21.5961;60.74773;50.4381442;4200.071;70.255;323.4907112;NA;NA;NA;NA;0.862;0.945;0.591;0.6411;95;NA;-1.33;1.62;-1.07;-1.49;-1.08;-1.45;NA;-1.25;3.09;"40"
"26";"Chile";"CHL";"South America";17620;349100.04;269869.34;20216.3;14546.37;0.819;80.80434;52.50787;89.6973;58.58048172;206593.704;97141.27893;30323.047;21090.074;27.2;2011;"World Values Survey Wave 6 (2010-2014)";0.1861;0.047;0.03;0.3841;70;52.1;1.04;7.54;0.35;1.25;1.54;1.37;0.68;1.56;1.87;"52"
"27";"China";"CHN";"Eastern Asia";1385567;13495910.44;8227102.63;10056.71;5456.06;0.699;50.72408;52.41995;85.87193;47.0017596;832882;509000.67;121080;84220;125.1;2012;"World Values Survey Wave 6 (2010-2014)";0.1538;0.511;0.107;0.6643;NA;42.1;-1.58;3;-0.54;0.01;-0.26;-0.49;0.45;-0.48;2.41;"42"
"28";"Colombia";"COL";"South America";48321;534994.15;369606.33;11360.48;7142.24;0.719;57.21156;46.62482;80.61237;32.27730724;111924.0054;31633.46286;15822.93615;-247.8629754;8.9;2012;"World Values Survey Wave 6 (2010-2014)";0.6014;0.021;0.026;0.1478;83;55.9;-0.11;6.63;-1.4;0.01;0.39;-0.39;0.49;-0.43;3.24;"56"
"29";"Congo. Dem Rep";"COD";"Middle Africa";67514;44352.35;17203.98;654.57;371.51;0.534;54.56036;15.15332;63.77931;72.07634201;4487.632113;735.537;3312.142743;420.5349338;NA;NA;NA;0.8747;0.948;0.376;0.7021;NA;NA;-1.52;1.92;-2.12;-1.66;-1.51;-1.65;NA;-1.3;3.69;"44"
"30";"Congo. Rep";"COG";"Middle Africa";4448;24135.95;13677.93;5830.3;3574.53;0.304;68.4921;27.8667;43.45687;118.438984;21011.857;0;2757.934448;NA;NA;NA;NA;0.8747;0.834;0.511;0.6642;94;NA;-1.16;2.89;-0.48;-1.2;-1.38;-1.12;NA;-1.19;2.76;"47"
"31";"Costa Rica";"CRI";"Central America";4872;59837.51;45103.96;13030.39;8935.05;0.773;62.38731;63.04479;60.0743;64.20464036;18712.92832;1570.497891;2265.394964;426.2351113;48.9;2008;"Latinobar metro 1995-2008";0.2368;0.042;0.049;0.241;79;50.7;1.06;8.1;0.63;0.49;0.57;0.47;NA;0.58;2.01;"51"
"32";"Cote d'Ivoire";"CIV";"Western Africa";20316;53785.92;24680.37;2668.89;1290.87;0.432;53.64824;30.48133;73.67809;89.74742905;7653.31094;71.61077348;478.4002158;25.53484336;NA;NA;NA;0.8204;0.917;0.085;0.7551;88;NA;-0.79;3.25;-1.26;-1.11;-0.77;-1.11;0.46;-0.91;3.39;"42"
"33";"Croatia";"HRV";"Southern Europe";4290;86838.35;59228.25;20308.31;14429.24;0.805;71.80271;70.47558;85.74754;55.8947807;31609.19596;4506.011803;1250.567266;-99.37521199;38.7;1999;"World Values Survey Wave 1-4 (1981-2004)";0.369;0.201;0.01;0.4447;70;NA;0.48;6.93;0.58;0.7;0.44;0.21;0.57;-0.04;1.7;"34"
"34";"Cuba";"CUB";"Caribbean";11266;NA;NA;NA;NA;0.78;NA;41.66117;64.16499;NA;NA;NA;NA;NA;NA;NA;NA;0.5908;0.001;0;0.5059;NA;NA;-1.43;3.52;0.32;-0.42;-1.6;-0.64;NA;0.3;2.21;NA
"35";"Czech Republic";"CZE";"Eastern Europe";10702;283887.91;196446.23;27045.44;20591.85;0.873;83.7061;82.21925;86.86885;151.2686325;136442.3983;15175.99055;10592.48627;1340.7432;48.8;1999;"World Values Survey Wave 1-4 (1981-2004)";0.3222;0.096;0.008;0.6591;NA;NA;0.93;8.19;1.04;0.92;1.06;1.01;0.67;0.23;1.42;"26"
"36";"Denmark";"DNK";"Northern Europe";5619;233022.25;315163.06;41842.75;60030.4;0.901;83.3924;86.83669;93.91377;63.17717306;147672.1043;229470.1853;2883.048366;7596.055576;131.9;1999;"World Values Survey Wave 1-4 (1981-2004)";0.0819;0.096;0.018;0.2333;19;NA;1.69;9.52;0.9;1.97;1.79;1.85;0.88;2.39;1.09;"25"
"37";"Dominican Republic";"DOM";"Caribbean";10404;108968.12;59047.2;10857.88;5541.25;0.702;58.27188;65.83302;58.62611;45.04870515;24728.455;0;3609.6;-26.63599723;74.7;2008;"Latinobar metro 1995-2008";0.4294;0.04;0.051;0.3118;87;47.2;0.05;6.49;0.23;-0.55;-0.14;-0.7;0.47;-0.83;2.59;"47"
"38";"Ecuador";"ECU";"South America";15738;151620.39;84039.86;9931.54;5225.79;0.724;43.08941;47.0222;81.13866;58.46438516;13078.743;479.625;586.516;17.437;14.5;2013;"World Values Survey Wave 6 (2010-2014)";0.655;0.188;0.243;0.1417;82;49.3;-0.33;5.78;-0.6;-0.51;-1.04;-1.16;0.45;-0.66;2.57;"49"
"39";"Egypt. Arab. Rep";"EGY";"Northern Africa";82056;843828.98;262831.91;10598.53;2887.51;0.662;45.99883;42.5223;94.16404;37.74658527;75410;6285;2797.7;211.1;43;2012;"World Values Survey Wave 6 (2010-2014)";0.1836;0.516;0.048;0.1979;97;NA;-0.74;4.56;-1.48;-0.77;-0.49;-0.45;0.45;-0.57;2.79;"31"
"40";"El Salvador";"SLV";"Central America";6340;45998.44;23864.4;7357.22;3700.97;0.68;61.46983;48.55132;79.85086;65.40621176;8634.9;5.7;515.8;NA;60.4;2008;"Latinobar metro 1995-2008";0.1978;0.004;0.004;0.3559;83;48.3;-0.08;6.47;0.21;-0.14;0.32;-0.75;0.48;-0.38;2.69;"48"
"41";"Eritrea";"ERI";"Eastern Africa";6333;NA;3091.84;NA;NA;0.351;NA;24.28783;31.02026;45.92738288;779.092;0;73.66666667;NA;NA;NA;NA;0.6524;0.628;0.178;0.4253;NA;NA;-2.15;2.4;-0.69;-1.51;-2.24;-1.36;NA;-0.65;2.4;NA
"42";"Ethiopia";"ETH";"Eastern Africa";94101;102878.83;41717.84;1214.13;353.43;0.396;25.10799;15.59667;83.42603;36.05304558;5803.147;0;970.3565596;NA;55.2;2007;"World Values Survey Wave 5 (2005-2008)";0.7235;0.855;0.109;0.6249;NA;33.6;-1.28;3.72;-1.54;-0.44;-1.07;-0.66;0.42;-0.6;2.77;"34"
"43";"Finland";"FIN";"Northern Europe";5426;208012.25;247386.61;38610.88;48685.66;0.892;85.8001;83.50513;89.42317;60.11501053;89991.72736;142312.7903;-1805.615873;4533.402545;117.5;2005;"World Values Survey Wave 5 (2005-2008)";0.1315;0.121;0.121;0.2531;NA;NA;1.62;9.06;1.38;2.21;1.82;1.94;0.84;2.22;1.31;"27"
"44";"France";"FRA";"Western Europe";64291;2369589.06;2611199.85;36391;42727.86;0.893;67.88426;86.69646;97.7578;47.56339958;1094961.21;1496795.176;25093.34519;37196.74056;37.9;2006;"World Values Survey Wave 5 (2005-2008)";0.1032;0.187;0.097;0.4029;30;NA;1.22;7.88;0.55;1.33;1.11;1.43;0.74;1.42;1.67;"33"
"45";"Gabon";"GAB";"Middle Africa";1672;25289.76;18377.08;16483.34;11113.89;0.683;52.40409;40.40903;52.85371;86.52080005;4268.934;835.586;702.4064083;85.15001326;NA;NA;NA;0.796;0.773;0.137;0.6674;NA;NA;-0.85;3.56;0.31;-0.78;-0.51;-0.45;NA;-0.55;2.36;"41"
"46";"Gambia";"GMB";"Western Africa";1849;2676.02;907.43;1506.68;508.27;0.439;53.52604;42.94965;65.35905;52.89659347;781.807358;0;78.8;NA;NA;NA;NA;0.7864;0.772;0.094;0.097;NA;NA;-1.25;3.31;0.01;-0.51;-0.23;-0.54;NA;-0.64;2.43;"47"
"47";"Georgia";"GEO";"Western Asia";4341;28345.98;15747.29;6342.52;3230.67;0.745;80.0506;54.50679;51.07531;64.89729324;10615.44882;1195.20201;866.074;263.451;38.2;2008;"World Values Survey Wave 5 (2005-2008)";0.4923;0.582;0.453;0.6543;81;42.1;-0.02;5.53;-0.67;0.57;0.68;-0.03;0.6;0.25;2.61;"42"
"48";"Germany";"DEU";"Western Europe";82727;3352099.06;3425928.31;40989.73;44364.83;0.92;65.73389;83.70697;92.4369;75.0998562;716343.9661;1547185.217;6564.537309;66925.60909;90.8;2013;"World Values Survey Wave 6 (2010-2014)";0.1682;0.378;0.067;0.6571;40;NA;1.38;8.34;0.77;1.57;1.53;1.64;0.8;1.78;1.38;"28"
"49";"Ghana";"GHA";"Western Africa";25905;85526.11;40710.78;3425.73;1584.77;0.558;53.24118;32.42575;84.08334;73.69055289;16621.8;109.36;3294.52;1.09;10;2011;"World Values Survey Wave 6 (2010-2014)";0.6733;0.835;0.05;0.7987;95;NA;0.41;6.02;0.1;-0.07;0.12;-0.03;0.57;-0.09;2.38;"43"
"50";"Greece";"GRC";"Southern Europe";11128;300833.72;248938.66;26622.45;25653.72;0.86;72.41077;79.90941;91.83158;37.92573236;37800.82331;43727.57019;2944.89524;-39.04599804;54.6;1999;"World Values Survey Wave 1-4 (1981-2004)";NA;0.134;0.041;NA;NA;NA;0.65;7.65;-0.23;0.31;0.5;0.39;0.59;-0.25;2.17;"34"
"51";"Guatemala";"GTM";"Central America";15468;102391.16;50233.75;6971.26;3246.88;0.581;58.86729;46.50182;83.73867;53.98342835;8913.5;438.1;1206.6;39.204;51.9;2008;"Latinobar metro 1995-2008";0.5122;0.538;0.518;0.3753;88;NA;-0.39;5.88;-0.65;-0.76;-0.18;-1.1;0.44;-0.61;2.84;"56"
"52";"Guinea";"GIN";"Western Africa";11745;13154.58;5631.62;1286.91;489.51;0.355;41.85814;23.53221;73.67255;65.7004405;3415.59;143.485;743.8;3.4;NA;NA;NA;0.7389;0.753;0.078;0.2649;NA;NA;-1.08;2.79;-1.28;-1.27;-1.02;-1.44;NA;-1.11;2.87;"39"
"53";"Guinea-Bissau";"GNB";"Western Africa";1704;2111.25;822.32;1364.68;636.51;0.364;33.78522;24.51092;63.0716;46.21066287;102.1760182;6.042556976;16.22663591;0.556553823;NA;NA;NA;0.8082;0.867;0.278;0.6128;NA;NA;-1.41;1.43;-0.93;-1.24;-1.24;-1.52;NA;-1.22;3.07;"35"
"54";"Haiti";"HTI";"Caribbean";10317;15579;7843.48;1556.51;733.96;0.456;47.16031;27.87383;48.11343;46.15295688;963;2.004859125;178.75;NA;NA;NA;NA;0.095;0;0;0.4704;NA;NA;-0.8;3.96;-0.79;-1.63;-0.95;-1.34;NA;-1.24;2.53;"59"
"55";"Honduras";"HND";"Central America";8098;33791.21;18434.02;4349.44;2282.24;0.632;64.71056;44.60319;71.96761;103.6127633;9023.811879;80.5859;1058.520863;6.366245032;47;2008;"Latinobar metro 1995-2008";0.1867;0.045;0.046;0.2357;84;57;-0.51;5.84;-0.4;-0.72;-0.2;-1.17;NA;-0.94;2.99;"57"
"56";"Hong Kong SAR (China)";"HKG";"Eastern Asia";7154.6;354490.53;263259.37;50128.76;35172.52;0.906;NA;NA;NA;397.9299914;1422375.073;1309849.042;74584.15094;83985.2664;82.4;2005;"World Values Survey Wave 5 (2005-2008)";0.062;0.126;NA;0.4191;NA;NA;0.62;6.42;0.98;1.82;1.94;1.56;0.76;1.71;NA;"43"
"57";"Hungary";"HUN";"Eastern Europe";9955;223497.05;124600.49;22413.13;13790.31;0.831;86.82198;81.0797;91.68647;159.7647713;103556.5277;34741.20199;13468.96391;10578.38742;44.8;1999;"World Values Survey Wave 1-4 (1981-2004)";0.1522;0.086;0.153;0.5244;24;NA;0.72;6.96;0.67;0.62;0.97;0.6;0.61;0.28;1.59;"31"
"58";"India";"IND";"Southern Asia";1252140;5757534.05;1858740.11;4734.98;1532.94;0.554;41.6684;29.85311;92.52072;42.10256493;226345.4752;118166.5946;25542.84281;8582.747599;52.5;2006;"World Values Survey Wave 5 (2005-2008)";0.4182;0.913;0.427;0.326;90;33.9;0.35;7.52;-1.25;-0.18;-0.47;-0.1;0.48;-0.57;2.56;"34"
"59";"Indonesia";"IDN";"South-Eastern Asia";249866;2058129.82;878043.03;8538.61;3511.24;0.629;58.03234;34.17571;86.51049;43.09257804;205656.2989;11626.60365;19852.56923;5423;16.9;2006;"East-Asian barometer 2005-2008";0.7351;0.815;0.138;0.234;99;38.1;0.03;6.76;-0.57;-0.29;-0.28;-0.6;0.52;-0.66;2.29;"38"
"60";"Iran (Islamic Republic of)";"IRN";"Southern Asia";77447;1314235.63;552397.27;17488.24;7668.85;0.742;29.46897;33.31145;69.28784;27.51642837;37312.881;3345.023;4869.881;430;21.8;2005;"World Values Survey Wave 5 (2005-2008)";0.6684;0.705;0.512;0.1152;NA;NA;-1.57;1.98;-1.32;-0.54;-1.43;-0.9;0.44;-0.82;2.73;"38"
"61";"Iraq";"IRQ";"Western Asia";33765;371045.55;215837.91;11129.56;4793.74;0.59;NA;30.92565;56.33594;70.14523185;12615.691;1546.6;2549;548.6;66.7;2013;"World Values Survey Wave 6 (2010-2014)";0.3689;0.728;0.328;0.4844;84;NA;-1.13;4.1;-1.93;-1.11;-1.27;-1.5;NA;-1.23;4.03;"31"
"62";"Ireland";"IRL";"Northern Europe";4627;196554.54;210636.35;42942.09;49382.9;0.916;93.69084;91.55164;90.9384;85.08070244;298088.1887;357626.1347;29317.96982;18965.84067;72.1;1999;"World Values Survey Wave 1-4 (1981-2004)";0.1206;0.067;0.028;0.155;54;NA;1.32;8.56;0.93;1.53;1.56;1.73;NA;1.45;1.49;"34"
"63";"Israel";"ISR";"Western Asia";7733;234208.95;257621.96;30167.96;33259.12;0.9;74.73155;76.01691;66.23513;53.83512399;75943.571;74745.998;10414.128;3177.638;48.3;2001;"World Values Survey Wave 1-4 (1981-2004)";0.3436;0.665;0.407;0.3469;51;NA;0.61;7.53;-1.07;1.25;1.16;0.92;NA;0.83;2.57;"39"
"64";"Italy";"ITA";"Southern Europe";60990;2056688.92;2013375.3;33869.68;36180.04;0.881;70.2844;77.94324;97.70917;48.94744205;356887.2704;565084.7055;9624.897532;30397.25348;60.8;2005;"World Values Survey Wave 5 (2005-2008)";0.1145;0.47;0.039;0.3027;72;NA;0.89;7.74;0.5;0.41;0.73;0.36;0.63;-0.03;1.84;"36"
"65";"Jamaica";"JAM";"Caribbean";2784;22944.27;14755.05;8329.23;5248.33;0.73;67.03247;47.07241;74.14333;56.251923;11580.6;397.1;362.2;17.2;NA;NA;NA;0.4129;0.011;0.011;0.616;NA;NA;0.43;7.39;0.1;-0.02;0.23;-0.41;0.53;-0.36;3;"45"
"66";"Japan";"JPN";"Eastern Asia";127144;4379753.13;5961065.54;34262.06;46131.35;0.912;45.43898;66.58144;89.96199;28.25690251;205361.063;1054927.787;1730.782487;122550.9302;79.1;2010;"World Values Survey Wave 6 (2010-2014)";0.0119;0.036;0.014;0.5406;24;NA;1.09;8.08;0.94;1.4;1.12;1.32;0.78;1.61;1.13;"25"
"67";"Jordan";"JOR";"Western Asia";6318;69797.13;31015.24;11169.33;4615.18;0.7;67.79875;59.10162;86.86082;92.13716184;24775.07042;509.2957746;1402.957746;5.352112676;26.4;2014;"World Values Survey Wave 6 (2010-2014)";0.5926;0.496;0.051;0.0659;NA;35.4;-0.73;3.76;-0.52;-0.04;0.18;0.37;0.57;0.07;1.92;"35"
"68";"Kazakhstan";"KAZ";"Central Asia";16441;343914.79;203520.61;20772.07;11358.01;0.754;64.23817;43.12586;68.8544;67.22906334;106920.4187;20979.10347;14022.11144;1581.78309;76.7;2011;"World Values Survey Wave 6 (2010-2014)";0.6171;0.699;0.521;0.5898;43;29;-1.15;2.95;-0.37;-0.44;-0.39;-0.66;0.47;-0.88;2.43;"29"
"69";"Kenya";"KEN";"Eastern Africa";44354;88893.16;40697.16;2136.36;825.05;0.519;41.01117;27.25535;82.85844;55.08222874;2875.854;315.633;258.6076357;16.05354811;20;2005;"Globalbarometer - Round 1";0.8588;0.928;0.472;0.7765;NA;NA;-0.3;4.71;-1.29;-0.55;-0.31;-0.87;0.43;-1.1;3.01;"48"
"70";"Korea. PDR";"PRK";"Eastern Asia";24895;NA;NA;NA;NA;NA;NA;NA;27.39083;NA;1609.897;0;79;NA;NA;NA;NA;0.0392;0;0;0.4891;NA;NA;-2.17;1.08;-0.1;-1.93;-2.53;-1.25;NA;-1.37;3.36;NA
"71";"Korea. Republic ";"KOR";"Eastern Asia";49263;1445332.48;1129598.27;29034.75;22388.26;0.909;59.89465;52.04837;90.14745;94.49857442;147230;196410;9904;32978.1;53.5;2010;"World Values Survey Wave 6 (2010-2014)";0.002;0.007;0.003;0.6604;43;NA;0.69;8.13;0.17;1.2;0.89;0.97;0.77;0.47;1.58;"32"
"72";"Kosovo";"KSV";"Southern Europe";1807;NA;6445.2;NA;NA;NA;NA;NA;NA;NA;NA;NA;NA;NA;NA;NA;NA;NA;NA;NA;NA;NA;NA;-0.22;NA;-1.15;-0.39;-0.04;-0.56;NA;-0.62;2.4;NA
"73";"Kuwait";"KWT";"Western Asia";3369;257709.72;183242.59;84058.16;52378.6;0.79;65.95779;81.15722;61.28767;80.22152639;12766.67376;24501.21855;1851.136841;7561.952864;59.2;2013;"World Values Survey Wave 6 (2010-2014)";0.6604;0.556;0.031;0.6745;91;NA;-0.62;3.78;0.18;-0.08;-0.05;0.38;NA;-0.16;2.01;NA
"74";"Kyrgyzstan";"KGZ";"Central Asia";5548;16105.96;6474.84;3062.2;1178.37;0.622;66.47668;41.41345;65.3475;112.2451788;2757.76143;1.66569604;372.1861;-0.0448;77.2;2011;"World Values Survey Wave 6 (2010-2014)";0.6752;0.67;0.481;0.447;72;33.4;-0.64;4.69;-0.89;-0.66;-0.35;-1.15;0.45;-1.09;2.91;"33"
"75";"Lao People's Dem Republic";"LAO";"South-Eastern Asia";6770;26229.15;9417.67;4107.93;1262.43;0.543;NA;21.93645;34.54547;54.15354743;2482.878;NA;294.38;-21.011;NA;NA;NA;0.5139;0.692;0.466;0.5453;NA;NA;-1.58;2.32;0.04;-0.88;-0.84;-0.83;NA;-1.04;1.98;"37"
"76";"Latvia";"LVA";"Northern Europe";2050;41130.81;28372.58;19993.59;13657.66;0.814;78.03433;71.35851;57.48509;109.1940028;13254.23729;1103.578154;987.6132571;189.5021714;35.9;1999;"World Values Survey Wave 1-4 (1981-2004)";0.5867;0.628;0.077;0.5556;39;34.8;0.74;7.05;0.43;0.83;1;0.76;NA;0.15;1.94;"35"
"77";"Lebanon";"LBN";"Western Asia";4822;NA;42945.27;NA;NA;0.745;63.92183;69.91653;62.48025;64.1746988;52884.50713;8196.519772;3787.459673;611.2466909;29.5;2013;"World Values Survey Wave 6 (2010-2014)";0.1314;0.161;0.144;0.7886;87;NA;-0.42;5.05;-1.65;-0.34;-0.12;-0.75;0.51;-0.87;2.94;NA
"78";"Lesotho";"LSO";"Southern Africa";2074;4672.77;2447.57;2129.95;1150.74;0.461;58.46557;27.26163;54.55254;151.1701407;838.9534;15.48581;172.2844;-36.63324;32.7;2005;"Globalbarometer - Round 1";0.255;0.26;0.007;0.7211;NA;NA;0.04;6.66;0.25;-0.38;-0.54;-0.29;NA;0.11;2.31;"53"
"79";"Liberia";"LBR";"Western Africa";4294;2218.95;1733.82;537.46;277.9;0.388;NA;22.68275;44.6069;87.95589364;7220.5967;5699.001547;1354.1;1354.1;NA;NA;NA;0.9084;0.899;0.142;0.4883;NA;NA;-0.36;4.95;-0.47;-1.18;-1.05;-0.92;0.42;-0.57;2.49;"38"
"80";"Libya";"LBY";"Northern Africa";6202;NA;NA;NA;NA;0.769;NA;36.71172;52.77324;NA;16334;19255;NA;2509;25.6;2013;"World Values Survey Wave 6 (2010-2014)";0.792;0.496;0.038;0.057;NA;NA;-0.94;5.15;-1.56;-1.49;-1.66;-1.15;NA;-1.4;3.2;NA
"81";"Lithuania";"LTU";"Northern Europe";3017;68196.74;42343.52;22521.3;14212.34;0.818;78.13453;67.00922;75.61597;145.5577955;15795.60629;2520.759785;835.1369361;401.5016994;52.8;1999;"World Values Survey Wave 1-4 (1981-2004)";0.3223;0.354;0.044;0.4141;42;NA;0.91;7.24;0.75;0.83;1.1;0.81;NA;0.31;1.87;"38"
"82";"Macedonia. FYR";"MKD";"Southern Europe";2107;24614.09;9612.52;11957.29;5050.45;0.74;63.84573;63.06672;49.80618;109.365505;4958.941577;105.3462107;134.6175096;-7.65905943;29.5;2001;"World Values Survey Wave 1-4 (1981-2004)";0.5023;0.487;0.212;0.5899;76;43.6;0;6.16;-0.44;-0.07;0.35;-0.24;0.58;0.02;2.19;"44"
"83";"Madagascar";"MDG";"Eastern Africa";22925;30095.72;9975.12;1411.94;469.73;0.483;39.73283;21.65347;65.33902;45.61346407;5808.835511;6.387;894.6640046;NA;65.6;2005;"Globalbarometer - Round 1";0.8791;0.765;0.051;0.5191;NA;44.1;-0.85;3.93;-0.57;-1.08;-0.58;-0.89;0.45;-0.61;2.49;"44"
"84";"Malawi";"MWI";"Eastern Africa";16363;14960.07;4263.79;972.64;476.15;0.418;41.37415;26.34724;63.33126;85.60449116;1166.904189;72.04104713;129.4926658;49.81774827;14.9;2005;"Globalbarometer - Round 1";0.6744;0.668;0.067;0.8192;99;43.9;-0.23;6.08;-0.01;-0.5;-0.71;-0.24;0.51;-0.45;2.51;"44"
"85";"Malaysia";"MYS";"South-Eastern Asia";29717;606097.86;305032.75;20925.9;9979.26;0.769;80.80589;74.61263;84.99854;139.0024636;132399.7174;120395.8004;10073.926;17114.74779;17;2011;"World Values Survey Wave 6 (2010-2014)";0.588;0.761;0.525;0.6657;96;46.2;-0.34;6.41;0;1.01;0.55;0.51;0.58;0.3;1.68;"46"
"86";"Mali";"MLI";"Western Africa";15302;23904.05;10387.72;1509.14;672.25;0.344;50.42277;22.50059;76.57249;49.09644077;2785.565297;26.09458536;310.4635014;4.433188338;44.8;2007;"World Values Survey Wave 5 (2005-2008)";0.6906;0.864;0.303;0.182;95;33;-0.55;5.12;-1.98;-0.99;-0.42;-0.69;NA;-0.76;2.62;"33"
"87";"Mauritania";"MRT";"Western Africa";3890;11301.76;4199.05;3191.2;1295.11;0.467;64.78486;25.40546;48.31151;126.2189711;4154.873;39.221;1204.368316;4.199843532;NA;NA;NA;0.615;0.25;0.17;0.0149;98;NA;-0.94;4.17;-1.13;-0.91;-0.64;-0.87;NA;-0.6;2.82;"40"
"88";"Mexico";"MEX";"Central America";122332;1894552.03;1178126.18;16377.12;10115.01;0.775;61.59397;33.07399;18.03713;63.778548;314968.0475;137684.4151;12659.429;25596.647;25;2012;"World Values Survey Wave 6 (2010-2014)";0.5418;0.108;0.127;0.1796;73;47.2;0.09;6.9;-0.67;0.32;0.47;-0.56;0.45;-0.41;3.31;"47"
"89";"Moldova. Rep";"MDA";"Eastern Europe";3487;14877.95;7252.77;4179.21;1970.5;0.66;64.80803;77.19437;32.94924;101.6839093;3338.79;108.2;159.21;19.78;36.7;2006;"World Values Survey Wave 5 (2005-2008)";0.5535;0.59;0.122;0.5603;72;33;-0.09;6.32;0.02;-0.55;-0.11;-0.36;0.45;-0.6;2.28;"33"
"90";"Mongolia";"MNG";"Eastern Asia";2839;23359.03;10271.39;8718.72;3700.51;0.675;73.31413;58.50514;66.60764;108.2959215;13151;1210;4451.772354;44.00490159;21.4;2006;"East-Asian barometer 2005-2008";0.3682;0.187;0.054;0.0799;NA;NA;0.02;6.35;0.45;-0.63;-0.17;-0.38;0.51;-0.52;2.18;"37"
"91";"Morocco";"MAR";"Northern Africa";33008;218283.35;95981.57;6763.66;3074.13;0.591;54.8321;56.71719;89.53679;68.25316982;48175.54989;2422.790063;2835.553124;361.4674263;26.2;2011;"World Values Survey Wave 6 (2010-2014)";0.4841;0.472;0.062;0.0035;97;NA;-0.61;4.07;-0.46;-0.04;-0.09;-0.19;0.51;-0.41;2.12;"41"
"92";"Mozambique";"MOZ";"Eastern Africa";25834;22754.02;14243.72;950.87;524.36;0.327;51.6528;28.46521;65.31956;76.52496627;12631.65368;14.55523931;5218.140231;-8.51062015;56;2005;"Globalbarometer - Round 1";0.6932;0.936;0.029;0.6759;NA;NA;-0.18;4.88;0.35;-0.64;-0.46;-0.6;NA;-0.59;2.24;"46"
"93";"Myanmar";"MMR";"South-Eastern Asia";53259;192055.36;NA;3180.78;913.78;0.498;47.39004;15.83053;34.32049;NA;11910.17;0;2242.98;NA;NA;NA;NA;0.5062;0.519;0.254;0.1974;NA;NA;-1.65;2.35;-0.96;-1.53;-1.87;-1.35;0.41;-1.12;2.82;NA
"94";"Namibia";"NAM";"Southern Africa";2303;19429.14;13072.28;8360.2;5369.08;0.608;59.5694;41.42359;64.74592;83.00006485;3490.704199;47.17008875;357.4921711;-4.993928114;57.8;2006;"Globalbarometer - Round 1";0.6329;0.816;0.488;0.6626;NA;NA;0.39;6.24;0.94;0.12;0.06;0.24;NA;0.32;2.23;"64"
"95";"Nepal";"NPL";"Southern Asia";27797;58856.31;NA;2221.5;739.14;0.463;27.56415;27.08097;71.13861;39.33984375;440.072;0;91.97720113;NA;NA;NA;NA;0.6632;0.756;0.333;0.1417;93;32.8;-0.7;4.16;-1.38;-0.99;-0.81;-0.79;0.5;-0.83;2.49;"33"
"96";"Netherlands";"NLD";"Western Europe";16759;720274.46;770060.39;43149.59;49888.02;0.921;91.17069;90.32417;93.01075;161.7702818;572986.1991;975552.301;-244.1236859;-3508.699797;134.1;2012;"World Values Survey Wave 6 (2010-2014)";0.1054;0.301;0.137;0.7222;NA;NA;1.63;8.99;1.17;1.8;1.75;1.84;0.83;2.13;1.49;"31"
"97";"New Caledonia";"NZL";"Melanesia";NA;NA;NA;NA;NA;NA;82.13609;73.67503;81.68645;44.11509218;81428.88431;19051.56308;2911.079603;-489.3660117;113.2;2011;"World Values Survey Wave 6 (2010-2014)";0.3969;0.28;0.095;0.811;NA;NA;1.64;9.26;1.36;1.79;1.84;1.88;0.83;2.32;1.26;"36"
"98";"New Zealand";"NZL";"Oceania";4506;137610.86;171281.1;31171.76;36590.89;0.919;82.13609;73.67503;81.68645;44.11509218;81428.88431;19051.56308;2911.079603;-489.3660117;113.2;2011;"World Values Survey Wave 6 (2010-2014)";0.3969;0.28;0.095;0.811;NA;NA;1.64;9.26;1.36;1.79;1.84;1.88;0.83;2.32;1.26;"36"
"99";"Nicaragua";"NIC";"Central America";6080;24228.41;10507.36;4110.81;1634.96;0.599;64.43417;45.21183;57.44704;81.16884324;6475.7;0;810;NA;46.1;2008;"Latinobar metro 1995-2008";0.4844;0.068;0.081;0.429;84;NA;-0.53;5.56;-0.37;-0.89;-0.3;-0.74;0.43;-0.78;2.29;"40"
"100";"Niger";"NER";"Western Africa";17831;13684.76;6773.19;851.63;399.02;0.304;35.89862;24.26189;71.63313;64.96204766;4049.139087;24.92771139;793.3549759;6.912730915;NA;NA;NA;0.6518;0.64;0.54;0.2013;99;NA;-0.4;4.16;-1.17;-0.7;-0.61;-0.74;NA;-0.69;2.73;"35"
"101";"Nigeria";"NGA";"Western Africa";173615;511133.73;459615.93;3146;1520.39;0.471;63.83976;25.57394;91.22727;62.8338272;76369;7407;7028.85;1539.22;30;2011;"World Values Survey Wave 6 (2010-2014)";0.8505;0.891;0.463;0.7421;96;48.8;-0.73;3.77;-2.05;-1;-0.72;-1.18;0.39;-1.13;3.58;"40"
"102";"Norway";"NOR";"Northern Europe";5043;306487.05;500029.91;61879.07;99034.9;0.955;74.61305;84.55521;91.75862;49.4117602;191103.441;216083.1495;12774.55952;20846.75548;148;2007;"World Values Survey Wave 5 (2005-2008)";0.0586;0.067;NA;0.2048;NA;NA;1.75;9.93;1.31;1.89;1.53;1.95;0.88;2.24;1.36;"26"
"103";"Oman";"OMN";"Western Asia";3632;140441.53;78110.79;42618.76;21233.87;0.731;74.97443;56.84948;45.59702;103.6988564;17240;5387;1514;1371;NA;NA;NA;0.4373;0.702;0.269;0.4322;NA;NA;-0.96;3.26;0.47;0.26;0.47;0.58;NA;0.08;2.04;NA
"104";"Pakistan";"PAK";"Southern Asia";182143;788129.24;225143.27;4449.94;1254.74;0.515;36.06299;37.04552;89.38076;30.5374445;25394.75599;1524.325269;846.749199;73;48.4;2012;"World Values Survey Wave 6 (2010-2014)";0.7098;0.795;0.091;0.3848;92;NA;-0.87;4.57;-2.68;-0.79;-0.73;-0.91;0.36;-1.06;3.42;"30"
"105";"Palestinian Territories";"PSE";"Western Asia";4326;15979.04;NA;3832.95;2344.75;0.67;NA;53.71742;7.603017;NA;2572.4;190.5;244.4;-1.7;42.4;2013;"World Values Survey Wave 6 (2010-2014)";NA;0.208;0.015;0.3095;NA;35.5;-1.02;4.8;-1.94;-0.75;0.11;-0.46;NA;-0.78;NA;NA
"106";"Panama";"PAN";"Central America";3864;57229.68;36252.5;15368.54;8410.77;0.78;81.17445;59.48667;61.62132;108.6821599;28903.4;37747.298;3019.8;1469.476;45.9;2008;"Latinobar metro 1995-2008";0.5528;0.266;0.322;0.3338;88;51.9;0.45;7.08;-0.15;0.31;0.39;-0.23;0.5;-0.39;2.33;"52"
"107";"Papua New Guinea";"PNG";"Melanesia";7321;NA;15653.92;NA;NA;0.466;71.96964;24.30394;60.74347;76.65810833;4595.836423;226.218;28.79562307;NA;NA;NA;NA;0.2718;0.988;0.598;0.5523;NA;NA;-0.04;6.32;-0.64;-0.77;-0.52;-0.86;NA;-1.04;2.69;"51"
"108";"Paraguay";"PRY";"South America";6802;47232.66;25502.06;7192.74;3836.31;0.669;53.46193;47.50895;77.78356;73.54341818;3936.24;237.8;319.936;NA;22.7;2008;"Latinobar metro 1995-2008";0.1689;0.587;0.322;0.2123;92;52.4;-0.15;6.26;-0.84;-0.9;-0.32;-0.87;NA;-0.84;2.53;"52"
"109";"Peru";"PER";"South America";30376;327222.43;203790.27;10981.47;6065.62;0.741;75.97749;42.34731;85.49109;43.27216228;63448.16812;3986.156871;12239.67185;-57.477;17.9;2012;"World Values Survey Wave 6 (2010-2014)";0.6566;0.322;0.35;0.1988;84;48.1;0.07;6.47;-0.86;-0.16;0.49;-0.61;0.49;-0.39;2.7;"48"
"110";"Philippines";"PHL";"South-Eastern Asia";98394;543655.11;250182.02;5772.2;2379.31;0.654;54.35746;40.94865;85.60293;46.90784743;31027;8952.507;2797;1845;6.8;2012;"World Values Survey Wave 6 (2010-2014)";0.2385;0.843;0.09;0.3056;96;43;-0.04;6.3;-1.16;0.08;-0.06;-0.55;0.5;-0.58;2.89;"43"
"111";"Poland";"POL";"Eastern Europe";38217;838048.34;489795.49;21752.97;13381.51;0.821;72.92314;78.57683;90.09343;77.47139961;230603.6263;57525.16454;3355.70882;-893.8935189;46.6;2012;"World Values Survey Wave 6 (2010-2014)";0.1183;0.065;0.006;0.1712;75;32.7;1.06;7.12;1.03;0.66;0.96;0.74;0.67;0.59;1.49;"33"
"112";"Portugal";"PRT";"Southern Europe";10608;272678.03;212137.61;25671.79;22396.45;0.816;84.0928;84.74791;94.37241;61.3539062;117161.4418;71260.81908;8915.549908;1914.981999;21.9;1999;"World Values Survey Wave 1-4 (1981-2004)";0.0468;0.058;0.011;0.1438;NA;NA;0.99;7.92;0.75;1.03;0.81;1.04;0.66;0.93;1.59;"38"
"113";"Puerto Rico";"PRI";"Caribbean";3667;NA;101495.81;NA;NA;NA;NA;72.75271;3.201006;NA;NA;NA;NA;NA;45.8;2001;"World Values Survey Wave 1-4 (1981-2004)";NA;0.05;0.006;0.4952;NA;NA;0.66;NA;0.63;0.41;0.92;0.81;NA;0.57;NA;NA
"114";"Qatar";"QAT";"Western Asia";2169;258067.71;192390.1;146520.74;97090.69;0.834;80.11983;64.88271;74.35802;85.50335817;30804.06319;20412.54429;326.9230769;1840.10989;42.9;2010;"World Values Survey Wave 6 (2010-2014)";0.7456;0.608;0.545;0.095;NA;NA;-0.79;3.18;1.21;0.95;0.8;1.03;NA;1.19;1.47;"41"
"115";"Romania";"ROM";"Eastern Europe";21699;344779.44;169396.06;16145.59;8549.16;0.786;64.0766;67.4782;90.55402;75.4941485;74170.75681;1417.299979;2242.083326;42.40042966;16.3;2012;"World Values Survey Wave 6 (2010-2014)";0.3069;0.167;0.134;0.2373;84;27.4;0.3;6.54;0.07;-0.31;0.54;0.02;0.59;-0.27;1.77;"27"
"116";"Russian Federation";"RUS";"Eastern Europe";142834;3216934.75;2014774.94;22502.2;13297.59;0.788;51.55931;64.76939;85.66326;42.91799464;508890;413159;51416;51058;61.6;2011;"World Values Survey Wave 6 (2010-2014)";0.2452;0.251;0.183;0.4398;34;40.1;-0.96;3.74;-0.82;-0.43;-0.36;-0.82;0.45;-1.01;3.34;"40"
"117";"Rwanda";"RWA";"Eastern Africa";11777;14628.59;7103;1336.8;579.19;0.434;38.45057;25.10503;70.16579;34.77403492;742.81;12.94;159.81;NA;33.2;2012;"World Values Survey Wave 6 (2010-2014)";0.3238;0.004;0.001;0.5066;95;50.8;-1.24;3.36;-0.21;-0.06;-0.1;-0.26;NA;0.66;2.79;"51"
"118";"Saudi Arabia";"SAU";"Western Asia";28829;1366703.46;711049.6;48163.46;23593.82;0.782;66.35101;72.64938;62.34361;74.55108617;199032;34359.9;12182;4402;105.8;2003;"World Values Survey Wave 1-4 (1981-2004)";0.18;0.626;0.191;0.127;93;NA;-1.8;1.71;-0.46;0.03;0.1;0.24;NA;-0.06;2.27;NA
"119";"Senegal";"SEN";"Western Africa";14133;28638.04;14045.76;2243.03;1123.2;0.47;42.92112;33.77433;87.37546;63.72029798;2345.736584;352.9052591;337.6695793;47.38130857;54.2;2005;"Globalbarometer - Round 1";0.6939;0.784;0.076;0.1497;96;40.3;-0.05;6.09;-0.1;-0.46;-0.1;-0.33;0.54;-0.32;2.39;"40"
"120";"Serbia";"SRB";"Southern Europe";9511;86050.33;37488.94;11854.3;6027.12;0.769;56.72926;64.62009;71.70952;81.00230106;28678.41504;2359.901424;650.372284;74.58832921;38.2;2006;"World Values Survey Wave 5 (2005-2008)";0.5736;0.497;0.112;NA;54;29.6;0.17;6.33;-0.22;-0.11;-0.08;-0.39;0.51;-0.31;2.06;"30"
"121";"Sierra Leone";"SLE";"Western Africa";6092;8212.33;3796.03;1369.3;490.46;0.359;53.05402;20.3161;66.60468;63.22394637;1912.882511;0;740.1425106;NA;NA;NA;NA;0.8191;0.845;0.245;0.5395;NA;35.4;-0.36;4.71;-0.27;-1.21;-0.71;-0.87;0.44;-0.94;2.22;"35"
"122";"Singapore";"SGP";"South-Eastern Asia";5412;374760.24;276520.03;72295.9;51241.74;0.895;96.6923;91.6111;73.05653;286.8994208;682395.6555;401426.1161;56650.90263;23080.14852;74.8;2012;"World Values Survey Wave 6 (2010-2014)";0.3857;0.756;0.515;0.6561;70;NA;0.08;5.88;1.34;2.15;1.96;1.77;0.79;2.15;1.49;"42"
"123";"Slovak Republic";"SVK";"Eastern Europe";5450;135652.71;91347.81;25129.72;17762.43;0.84;84.57638;81.27948;85.44404;174.7122818;55815.91725;4412.602913;2825.923109;-73.44782306;33.4;1999;"World Values Survey Wave 1-4 (1981-2004)";0.2539;0.231;0.196;0.5655;NA;26;0.96;7.35;1.06;0.83;1.03;0.46;NA;0.07;1.64;"26"
"124";"Slovenia";"SVN";"Southern Europe";2072;57799.56;45378.39;28156.45;24480.33;0.892;76.23773;72.67014;83.81487;141.3366944;15526.00744;7795.89409;144.7900701;-93.53249868;41.8;2011;"World Values Survey Wave 6 (2010-2014)";0.2216;0.16;0.21;0.2868;47;NA;0.98;7.88;0.92;1.02;0.61;0.98;0.65;0.81;1.31;"31"
"125";"Somalia";"SOM";"Eastern Africa";10496;NA;NA;NA;NA;NA;NA;20.19683;29.61997;NA;775.52;0;107.33;NA;NA;NA;NA;0.8117;0.404;0.025;0.0028;NA;NA;-2.23;NA;-2.89;-2.23;-2.26;-2.45;NA;-1.59;4.02;NA
"126";"South Africa";"ZAF";"Southern Africa";52776;611138.77;384312.67;12111.36;7962.8;0.629;65.10593;50.05633;87.50994;54.64858377;138964.0499;82366.84602;4572.489303;4368.712675;47.1;2010;"World Values Survey Wave 6 (2010-2014)";0.7517;0.877;0.394;0.8603;85;63.1;0.56;7.79;0;0.33;0.38;0.08;0.55;-0.15;3;"63"
"127";"South Sudan";"SSD";"Eastern Africa";11296;NA;10220.26;NA;NA;NA;NA;NA;NA;NA;NA;NA;NA;NA;NA;NA;NA;NA;0.927;NA;NA;NA;45.5;-1.26;NA;-1.22;-1.59;-1.5;-1.39;NA;-1.34;3.18;"46"
"128";"Spain";"ESP";"Southern Europe";46927;1483223.71;1322114.87;32156.47;31534.5;0.885;78.54538;82.60106;96.18484;47.20043874;634539.1409;627211.6705;27749.93873;-4869.401668;41;2011;"World Values Survey Wave 6 (2010-2014)";0.4165;0.277;0.046;0.4514;49;NA;1.04;8.02;-0.01;1.11;0.94;1.04;0.67;1.05;1.64;"35"
"129";"Sri Lanka";"LKA";"Southern Asia";21273;169263.2;59423.01;8110.75;2835.53;0.715;40.91736;43.35532;77.7291;48.07312906;6765.001843;520.1532222;775.5;80;NA;NA;NA;0.415;0.319;0.306;0.4853;99;36.4;-0.6;5.75;-0.71;-0.24;-0.12;-0.11;0.52;-0.24;2.51;"36"
"130";"Sudan";"SDN";"Northern Africa";37964;152425.55;58768.8;3607.98;1655.97;0.414;28.12094;18.85614;55.38366;20.75931417;30368.15671;0;2466.356714;79.92;NA;NA;NA;0.7147;0.331;0.457;0.4307;93;35.3;-1.78;2.38;-2.27;-1.46;-1.51;-1.21;NA;-1.51;3.51;"35"
"131";"Sweden";"SWE";"Northern Europe";9571;394624.73;523942.29;41761.44;56704.4;0.916;85.09445;84.41393;94.91994;63.86536993;376181.4129;406851.2568;13711.39864;33428.2408;122.9;2011;"World Values Survey Wave 6 (2010-2014)";0.06;0.153;0.088;0.2342;17;NA;1.71;9.73;1.16;1.94;1.89;1.93;0.85;2.31;1.22;"25"
"132";"Switzerland";"CHE";"Western Europe";8078;405921.2;631173.03;51582.23;83854.12;0.913;75.05844;90.86465;93.15132;67.08684571;665595.6797;1129375.955;3612.975608;44313.38676;107.4;2007;"World Values Survey Wave 5 (2005-2008)";0.5314;0.556;0.079;0.6083;41;NA;1.67;9.09;1.4;1.88;1.66;1.81;NA;2.15;1.22;"34"
"133";"Syrian Arab Republic";"SYR";"Western Asia";21898;NA;NA;NA;NA;0.648;43.42826;39.30071;54.21349;NA;9938.75;420.627;NA;NA;NA;NA;NA;0.5399;0.527;0.203;0.431;89;NA;-1.79;1.63;-2.69;-1.22;-1.56;-1.1;NA;-1.17;4.07;"36"
"134";"Taiwan (China)";"TWN";"East Asia";2336;907144;NA;39059.1;20030.41;NA;NA;NA;NA;NA;59359;226093;3205;13031;62.6;2012;"World Values Survey Wave 6 (2010-2014)";NA;0.489;0.076;NA;NA;NA;0.82;7.57;0.89;1.14;1.19;1.04;NA;0.72;1.53;NA
"135";"Tajikistan";"TJK";"Central Asia";8208;17286.97;7632.61;2242.59;846.28;0.622;46.90515;30.75872;63.10073;67.29280233;1282.4864;0;289.9204;NA;NA;NA;NA;0.5107;0.485;0.36;0.3386;85;30.8;-1.37;2.51;-1.16;-0.93;-1.01;-1.18;NA;-1.18;2.67;"31"
"136";"Tanzania (United Republic)";"TZA";"Eastern Africa";49253;71835.72;28242.43;1554.26;516.55;0.476;41.9931;20.81;58.97457;58.82642526;10984.08;0;1706;NA;27.6;2005;"Globalbarometer - Round 1";0.7353;0.855;0.149;0.6334;89;NA;-0.22;5.88;0.03;-0.69;-0.4;-0.58;0.47;-0.85;2.36;"38"
"137";"Thailand";"THA";"South-Eastern Asia";67011;898963;365965.82;13298.86;5395.3;0.69;68.83954;49.97108;82.83372;130.3697994;159124.616;52561.15232;8607.450305;11911.14731;65.4;2010;"World Values Survey Wave 6 (2010-2014)";0.6338;0.74;0.254;0.0994;97;39.4;-0.34;6.55;-1.21;0.21;0.23;-0.17;0.52;-0.34;2.79;"40"
"138";"Togo";"TGO";"Western Africa";6817;8087.14;3813.83;1313.95;598.85;0.459;50.07043;30.6583;73.83493;73.41692173;891.5029594;330.606017;166.3241694;103.0562129;NA;NA;NA;0.7099;0.898;0.06;0.6596;NA;39.3;-1.02;3.45;-0.42;-1.32;-0.86;-0.92;NA;-0.99;2.41;"39"
"139";"Tunisia";"TUN";"Northern Africa";10997;109315.69;45662.04;10318.59;4340.21;0.712;60.56318;40.39842;84.67838;90.78501297;33634.3351;305.5591384;1918.188861;13.44524903;34;2013;"World Values Survey Wave 6 (2010-2014)";0.0394;0.012;0.005;0.0104;93;36.1;-0.19;5.67;-0.73;-0.02;-0.21;-0.14;0.55;-0.18;2.46;"36"
"140";"Turkey";"TUR";"Western Asia";74933;1314896.51;789257.49;17780.89;10434.94;0.722;53.22972;65.67126;92.73754;49.29711192;181066;30471;12419;4073;10.2;2007;"World Values Survey Wave 5 (2005-2008)";0.32;0.394;0.258;0.0049;82;40;-0.24;5.76;-1.19;0.4;0.42;0.04;0.5;0.17;2.74;"40"
"141";"Turkmenistan";"TKM";"Central Asia";5240;NA;35164.21;NA;NA;0.698;NA;37.64972;39.29913;73.08567323;19999.02;0;3159;NA;NA;NA;NA;0.3918;0.385;0.221;0.2327;80;NA;-2.21;1.72;0.35;-1.29;-2.1;-1.38;NA;-1.34;2.69;"41"
"142";"Uganda";"UGA";"Eastern Africa";37579;55119.17;20032.24;1597.23;527.74;0.456;49.45296;23.42672;71.67943;41.55353821;8190.701138;0;1721.169095;NA;33.8;2005;"Globalbarometer - Round 1";0.9302;0.924;0.461;0.6332;93;44.3;-0.49;5.16;-0.89;-0.57;-0.24;-0.36;0.41;-0.95;2.61;"44"
"143";"Ukraine";"UKR";"Eastern Europe";45239;379139.83;176308.83;8295.17;3575.49;0.74;65.69585;60.06;86.05266;86.87540139;72804;9351;7833;1206;52.8;2011;"World Values Survey Wave 6 (2010-2014)";0.4737;0.42;0.066;0.6157;46;25.6;-0.29;5.91;-0.1;-0.58;-0.61;-0.79;0.47;-1.03;2.41;"26"
"144";"United Arab Emirates";"ARE";"Western Asia";9346;503168.07;383799.19;60886.23;42181.99;0.818;84.99541;81.68668;55.26685;135.4875174;95008;60274;9602;2536.010989;NA;NA;NA;0.6252;0.777;0.623;0.331;91;NA;-1;2.58;0.88;1.14;0.67;0.56;0.65;1.18;1.88;NA
"145";"United Kingdom";"GBR";"Northern Europe";63136;2201439.29;2475781.99;35091.09;39241.28;0.875;72.31425;86.07208;96.19183;46.40062642;1321351.588;1808167.407;62350.82071;71414.91864;61.7;2006;"World Values Survey Wave 5 (2005-2008)";0.1211;0.144;0.044;0.6944;27;NA;1.32;8.21;0.41;1.53;1.64;1.69;0.78;1.64;1.61;"36"
"146";"United States of America";"USA";"Northern America";320051;15533800;16244600;49782.08;49782.08;0.937;59.19013;77.96351;92.47472;23.90121948;3931976;5191116;167620;328869;70.5;2011;"World Values Survey Wave 6 (2010-2014)";0.4901;0.334;0.092;0.8241;65;NA;1.12;8.11;0.63;1.51;1.29;1.6;0.71;1.38;1.9;"41"
"147";"Uruguay";"URY";"South America";3407;58687.88;49919.73;17342.96;13722;0.792;65.45978;54.05347;84.28715;40.78062755;17900.2707;333.6658866;2710.07399;2.225091;37.1;2011;"World Values Survey Wave 6 (2010-2014)";0.2504;0.078;0.007;0.3548;NA;45.3;1.02;8.17;0.71;0.44;0.4;0.54;0.69;1.32;1.8;"45"
"148";"Uzbekistan";"UZB";"Central Asia";28934;NA;51112.75;NA;NA;0.654;NA;36.75885;44.95395;43.23774767;7854.5;0;1094;NA;29.4;2011;"World Values Survey Wave 6 (2010-2014)";0.4125;0.426;0.263;0.2133;51;NA;-1.98;1.72;-0.52;-0.94;-1.61;-1.27;0.45;-1.23;2.7;"37"
"149";"Venezuela (Bolivarian Republic of)";"VEN";"South America";30405;500326.03;381286.24;16964.81;10731.12;0.748;43.38111;49.01083;66.93532;41.26565851;49079;20870;3216;2460;48.5;2008;"Latinobar metro 1995-2008";0.4966;0.043;0.024;0.135;79;NA;-0.92;5.15;-0.99;-1.14;-1.54;-1.69;0.31;-1.24;3;"45"
"150";"Viet Nam";"VNM";"South-Eastern Asia";91680;414339.08;155820;4716.97;1543.03;0.617;59.16441;34.66916;54.08456;146.5570193;72530.298;0;8368;1200;104.1;2006;"World Values Survey Wave 5 (2005-2008)";0.2383;0.267;0.161;0.508;NA;NA;-1.38;2.89;0.25;-0.29;-0.68;-0.5;0.48;-0.56;1.81;"36"
"151";"Yemen";"YEM";"Western Asia";24407;88565.78;35737.15;3716.1;1317.81;0.458;59.76693;25.46334;66.78926;57.5102444;4687.950942;660.3362615;348.8092421;71.08226147;81.7;2013;"World Values Survey Wave 6 (2010-2014)";NA;0.578;0.065;0.0023;99;NA;-1.39;3.12;-2.43;-1.28;-0.7;-1.27;NA;-1.23;3.38;"38"
"152";"Zambia";"ZMB";"Eastern Africa";14539;42509.94;20590.28;3154.74;1543.65;0.448;60.82485;27.52268;75.95035;80.37771983;11994;2706.285;1066;177;28.1;2007;"World Values Survey Wave 5 (2005-2008)";0.7808;0.829;0.035;0.7459;NA;57.5;-0.16;6.26;0.61;-0.5;-0.43;-0.4;0.47;-0.36;2.26;"57"
"153";"Zimbabwe";"ZWE";"Eastern Africa";14150;17575.27;9802.36;1377.98;695.09;0.397;52.84113;34.48684;70.70432;83.65332257;2600.95;356.212;399.5;46;24.9;2001;"World Values Survey Wave 1-4 (1981-2004)";0.3874;0.518;0.06;0.7363;88;NA;-1.45;2.67;-0.79;-1.21;-1.83;-1.62;0.34;-1.27;3.13;"50"
